{
  "test/integration/opaTests.qunit.html": 1739910983671,
  "manifest.json": 1739917964667,
  "test/integration/pages/IncidentsList.js": 1739910983695,
  "test/integration/opaTests.qunit.js": 1739910983671,
  "test/integration/FirstJourney.js": 1739910983695,
  "test/testsuite.qunit.js": 1739910983651,
  "xs-app.json": 1739938283942,
  "test/integration/pages/IncidentsObjectPage.js": 1739910983719,
  "Component.js": 1739910983575,
  "test/testsuite.qunit-dbg.js": 1739910983651,
  "test/testsuite.qunit.js.map": 1739938295686,
  "test/integration/opaTests.qunit-dbg.js": 1739910983671,
  "test/integration/opaTests.qunit.js.map": 1739938295680,
  "test/integration/FirstJourney-dbg.js": 1739910983695,
  "test/integration/FirstJourney.js.map": 1739938295697,
  "test/integration/pages/IncidentsList-dbg.js": 1739910983695,
  "test/integration/pages/IncidentsList.js.map": 1739938295688,
  "test/integration/pages/IncidentsObjectPage-dbg.js": 1739910983719,
  "test/integration/pages/IncidentsObjectPage.js.map": 1739938295682,
  "Component-dbg.js": 1739910983575,
  "Component.js.map": 1739938295684,
  "Component-preload.js": 1739938295905,
  "Component-preload.js.map": 1739938295905,
  "i18n/i18n.properties": 1739910992275,
  "test/testsuite.qunit.html": 1739910983627,
  "test/flpSandbox.html": 1739910983611,
  "index.html": 1739910983575
}